{
  "Open_computers_page" : {
    "transaction" : "Open_computers_page",
    "sampleCount" : 488,
    "errorCount" : 0,
    "errorPct" : 0.0,
    "meanResTime" : 571.102459016393,
    "medianResTime" : 504.0,
    "minResTime" : 355.0,
    "maxResTime" : 1477.0,
    "pct1ResTime" : 776.3000000000001,
    "pct2ResTime" : 1242.7499999999998,
    "pct3ResTime" : 1358.77,
    "throughput" : 4.247652040700863,
    "receivedKBytesPerSec" : 23.660647255564164,
    "sentKBytesPerSec" : 2.9401682468425494
  },
  "Open_desktop_page-131" : {
    "transaction" : "Open_desktop_page-131",
    "sampleCount" : 484,
    "errorCount" : 0,
    "errorPct" : 0.0,
    "meanResTime" : 637.8347107438009,
    "medianResTime" : 567.0,
    "minResTime" : 389.0,
    "maxResTime" : 1665.0,
    "pct1ResTime" : 860.0,
    "pct2ResTime" : 1348.0,
    "pct3ResTime" : 1454.8999999999999,
    "throughput" : 4.264542618993074,
    "receivedKBytesPerSec" : 26.81455421101556,
    "sentKBytesPerSec" : 2.9850318353833685
  },
  "Open_home_page" : {
    "transaction" : "Open_home_page",
    "sampleCount" : 490,
    "errorCount" : 0,
    "errorPct" : 0.0,
    "meanResTime" : 648.1244897959187,
    "medianResTime" : 501.0,
    "minResTime" : 349.0,
    "maxResTime" : 5165.0,
    "pct1ResTime" : 767.2000000000006,
    "pct2ResTime" : 1443.05,
    "pct3ResTime" : 5085.09,
    "throughput" : 4.071559739752549,
    "receivedKBytesPerSec" : 27.285779610210476,
    "sentKBytesPerSec" : 2.6142665843352972
  },
  "Total" : {
    "transaction" : "Total",
    "sampleCount" : 1943,
    "errorCount" : 0,
    "errorPct" : 0.0,
    "meanResTime" : 613.1893978383948,
    "medianResTime" : 524.0,
    "minResTime" : 349.0,
    "maxResTime" : 5165.0,
    "pct1ResTime" : 770.6000000000001,
    "pct2ResTime" : 1333.8,
    "pct3ResTime" : 1562.7999999999997,
    "throughput" : 16.189373172133948,
    "receivedKBytesPerSec" : 108.13700806448253,
    "sentKBytesPerSec" : 11.118729208674605
  },
  "Open_item_page" : {
    "transaction" : "Open_item_page",
    "sampleCount" : 481,
    "errorCount" : 0,
    "errorPct" : 0.0,
    "meanResTime" : 595.5051975051967,
    "medianResTime" : 531.0,
    "minResTime" : 366.0,
    "maxResTime" : 1776.0,
    "pct1ResTime" : 707.0,
    "pct2ResTime" : 1397.1,
    "pct3ResTime" : 1569.0800000000004,
    "throughput" : 4.268119542840917,
    "receivedKBytesPerSec" : 34.89853926714347,
    "sentKBytesPerSec" : 3.04577864620306
  },
  "Open_computers_page-129" : {
    "transaction" : "Open_computers_page-129",
    "sampleCount" : 488,
    "errorCount" : 0,
    "errorPct" : 0.0,
    "meanResTime" : 571.102459016393,
    "medianResTime" : 504.0,
    "minResTime" : 355.0,
    "maxResTime" : 1477.0,
    "pct1ResTime" : 776.3000000000001,
    "pct2ResTime" : 1242.7499999999998,
    "pct3ResTime" : 1358.77,
    "throughput" : 4.248946470239961,
    "receivedKBytesPerSec" : 23.66785760152196,
    "sentKBytesPerSec" : 2.941064233753004
  },
  "Open_item_page-133" : {
    "transaction" : "Open_item_page-133",
    "sampleCount" : 481,
    "errorCount" : 0,
    "errorPct" : 0.0,
    "meanResTime" : 595.5051975051967,
    "medianResTime" : 531.0,
    "minResTime" : 366.0,
    "maxResTime" : 1776.0,
    "pct1ResTime" : 707.0,
    "pct2ResTime" : 1397.1,
    "pct3ResTime" : 1569.0800000000004,
    "throughput" : 4.268119542840917,
    "receivedKBytesPerSec" : 34.89853926714347,
    "sentKBytesPerSec" : 3.04577864620306
  },
  "Open_home_page-126" : {
    "transaction" : "Open_home_page-126",
    "sampleCount" : 490,
    "errorCount" : 0,
    "errorPct" : 0.0,
    "meanResTime" : 648.1204081632656,
    "medianResTime" : 501.0,
    "minResTime" : 349.0,
    "maxResTime" : 5165.0,
    "pct1ResTime" : 767.2000000000006,
    "pct2ResTime" : 1443.05,
    "pct3ResTime" : 5085.09,
    "throughput" : 4.082754943049735,
    "receivedKBytesPerSec" : 27.360804875559296,
    "sentKBytesPerSec" : 2.6214547991117927
  },
  "Open_desktop_page" : {
    "transaction" : "Open_desktop_page",
    "sampleCount" : 484,
    "errorCount" : 0,
    "errorPct" : 0.0,
    "meanResTime" : 637.8388429752063,
    "medianResTime" : 567.0,
    "minResTime" : 389.0,
    "maxResTime" : 1665.0,
    "pct1ResTime" : 860.0,
    "pct2ResTime" : 1348.0,
    "pct3ResTime" : 1454.8999999999999,
    "throughput" : 4.264580194373221,
    "receivedKBytesPerSec" : 26.814790477165992,
    "sentKBytesPerSec" : 2.9850581368454443
  }
}